geohash,day_of_week,weekend,day,hour,minute,n
9q59x8,5,0,14,21,10,75
9q59x8,5,0,14,21,20,72
9q59x8,5,0,14,21,5,71
9q59x8,5,0,14,21,15,70
9q59x8,5,0,14,21,0,68
9q59x8,5,0,14,21,25,67
9q59x8,5,0,14,22,30,64
9q59x8,5,0,14,21,40,63
9q59x8,5,0,14,22,35,63
9q59x8,5,0,14,22,25,62
9q59x8,5,0,14,22,40,62
9q59x9,3,0,12,22,40,62
9q59x9,3,0,12,23,5,62
9q59x8,5,0,14,21,30,61
9q59x9,3,0,12,22,45,61
9q59x8,5,0,14,21,45,60
9q59x8,5,0,14,21,50,60
9q59x8,5,0,14,22,15,60
9q59x8,5,0,14,22,20,60
9q59x8,5,0,14,23,10,60
9q59x9,3,0,12,22,35,60
9q59x9,3,0,12,22,55,60
9q59x9,3,0,12,23,0,60
9q59x9,3,0,12,23,10,60
9q59x9,3,0,12,23,35,60
9q59x9,3,0,12,23,40,60
9q59x9,3,0,12,23,45,60
9q59x9,3,0,12,23,50,60
9q59x8,5,0,14,21,55,59
9q59x8,5,0,14,23,5,59
9q59x9,3,0,12,22,30,59
9q59x9,3,0,12,22,50,59
9q59x9,3,0,12,23,15,59
9q59x9,3,0,12,23,20,59
9q59x9,3,0,12,23,25,59
9q59x9,3,0,12,23,30,59
9q59x9,3,0,12,23,55,59
9q59x8,5,0,14,22,45,58
9q59x8,5,0,14,22,50,58
9q59x8,5,0,14,22,55,58
9q59x9,3,0,12,22,20,58
9q59x9,3,0,12,22,25,58
9q59x8,5,0,14,21,35,57
9q59x8,5,0,14,22,0,57
9q59x8,5,0,14,22,10,57
9q59x8,5,0,14,23,15,57
9q59x9,3,0,12,21,0,57
9q59x9,3,0,12,21,5,57
9q59x9,3,0,12,21,40,57
9q59x9,3,0,12,22,10,57
9q59x8,5,0,14,23,0,56
9q59x8,5,0,14,23,20,56
9q59x8,5,0,14,23,25,56
9q59x8,5,0,14,23,30,56
9q59x8,5,0,14,23,55,56
9q59x9,3,0,12,21,10,56
9q59x9,3,0,12,21,15,56
9q59x9,3,0,12,21,35,56
9q59x9,3,0,12,21,45,56
9q59x9,3,0,12,21,50,56
9q59x9,3,0,12,22,5,56
9q59x9,3,0,12,22,15,56
9q59x8,5,0,14,22,5,55
9q59x8,5,0,14,23,45,55
9q59x8,5,0,14,23,50,55
9q59x9,3,0,12,21,20,55
9q59x9,3,0,12,21,25,55
9q59x9,3,0,12,21,30,55
9q59x9,6,1,15,23,25,55
9q59x9,3,0,12,21,55,54
9q59x9,3,0,12,22,0,54
9q59x9,6,1,15,23,20,54
9q59x8,5,0,14,23,40,53
9q59x9,6,1,15,23,10,53
9q59x9,6,1,15,23,15,53
9q59x9,6,1,15,23,30,53
9q59x9,6,1,15,23,35,53
9q59x8,5,0,14,23,35,52
9q59x9,6,1,15,23,0,51
9q59x9,6,1,15,23,5,51
9q59x9,6,1,15,23,45,51
9q59x9,6,1,15,23,50,51
9q59x9,6,1,15,23,40,50
9q59x9,6,1,15,23,55,50
9q59x9,2,0,11,22,15,49
9q59x9,2,0,11,22,20,49
9q59x8,3,0,12,21,20,48
9q59x8,3,0,12,21,25,48
9q59x9,2,0,11,23,55,48
9q59x8,3,0,12,21,10,47
9q59x8,3,0,12,21,15,47
9q59x8,4,0,13,21,15,47
9q59x8,4,0,13,22,0,47
9q59x9,2,0,11,22,10,47
9q59x9,2,0,11,22,30,47
9q59x9,2,0,11,23,45,47
9q59x9,2,0,11,23,50,47
9q59x9,2,0,11,22,5,46
9q59x9,2,0,11,22,25,46
9q59x9,2,0,11,22,40,46
9q59x9,2,0,11,23,5,46
9q59x9,2,0,11,23,40,46
9q59x8,3,0,12,21,5,45
9q59x8,3,0,12,21,30,45
9q59x8,4,0,13,21,5,45
9q59x8,4,0,13,21,10,45
9q59x8,4,0,13,21,20,45
9q59x8,4,0,13,21,55,45
9q59x9,2,0,11,21,40,45
9q59x9,2,0,11,21,55,45
9q59x9,2,0,11,22,0,45
9q59x9,2,0,11,22,35,45
9q59x9,2,0,11,22,55,45
9q59x9,2,0,11,23,0,45
9q59x9,2,0,11,23,15,45
9q59x9,2,0,11,23,30,45
9q59x9,2,0,11,23,35,45
9q59x9,6,1,15,21,0,45
9q59x9,6,1,15,22,15,45
9q59x9,6,1,15,22,20,45
9q59x9,6,1,15,22,55,45
9q59x8,4,0,13,21,0,44
9q59x8,4,0,13,21,25,44
9q59x8,4,0,13,22,5,44
9q59x9,2,0,11,21,0,44
9q59x9,2,0,11,21,5,44
9q59x9,2,0,11,21,10,44
9q59x9,2,0,11,21,35,44
9q59x9,2,0,11,21,45,44
9q59x9,2,0,11,22,45,44
9q59x9,2,0,11,22,50,44
9q59x9,2,0,11,23,10,44
9q59x9,2,0,11,23,25,44
9q59x9,6,1,15,21,5,44
9q59x9,6,1,15,21,55,44
9q59x9,6,1,15,22,40,44
9q59x9,6,1,15,22,50,44
9q59x8,3,0,12,21,0,43
9q59x8,4,0,13,21,30,43
9q59x9,2,0,11,21,50,43
9q59x9,2,0,11,23,20,43
9q59x9,6,1,15,22,45,43
9q59x8,2,0,11,21,30,42
9q59x8,2,0,11,21,55,42
9q59x8,2,0,11,22,0,42
9q59x8,2,0,11,22,5,42
9q59x8,3,0,12,21,35,42
9q59x8,4,0,13,21,35,42
9q59x8,4,0,13,21,40,42
9q59x8,4,0,13,21,50,42
9q59x9,2,0,11,21,15,42
9q59x9,2,0,11,21,20,42
9q59x9,2,0,11,21,25,42
9q59x9,6,1,15,21,50,42
9q59x9,6,1,15,22,35,42
9q59x8,2,0,11,21,35,41
9q59x8,2,0,11,22,20,41
9q59x8,4,0,13,21,45,41
9q59x8,4,0,13,22,10,41
9q59x9,2,0,11,21,30,41
9q59x9,6,1,15,21,10,41
9q59x9,6,1,15,21,15,41
9q59x9,6,1,15,21,45,41
9q59x9,6,1,15,22,0,41
9q59x9,6,1,15,22,25,41
9q59x9,6,1,15,22,30,41
9q59xd,6,1,15,21,45,41
9q59xd,6,1,15,21,50,41
9q59x8,2,0,11,22,15,40
9q59x8,4,0,13,22,15,40
9q59x8,4,0,13,22,20,40
9q59x9,4,0,13,23,10,40
9q59x9,6,1,15,21,20,40
9q59x9,6,1,15,21,35,40
9q59x9,6,1,15,21,40,40
9q59xd,4,0,13,23,25,40
9q59xd,4,0,13,23,30,40
9q59xd,4,0,13,23,35,40
9q59xd,5,0,14,23,55,40
9q59xd,6,1,15,21,40,40
9q59xd,6,1,15,21,55,40
9q59xd,6,1,15,22,15,40
9q59xd,6,1,15,22,45,40
9q59xd,6,1,15,23,0,40
9q59xd,6,1,15,23,20,40
9q59xd,6,1,15,23,40,40
9q59xd,6,1,15,23,45,40
9q59x8,2,0,11,21,20,39
9q59x8,2,0,11,21,40,39
9q59x8,2,0,11,22,10,39
9q59x8,2,0,11,22,45,39
9q59x8,2,0,11,23,20,39
9q59x8,2,0,11,23,50,39
9q59x8,2,0,11,23,55,39
9q59x9,4,0,13,22,10,39
9q59x9,4,0,13,22,15,39
9q59x9,4,0,13,22,20,39
9q59x9,4,0,13,22,25,39
9q59x9,4,0,13,22,30,39
9q59x9,4,0,13,22,35,39
9q59x9,4,0,13,22,55,39
9q59x9,4,0,13,23,5,39
9q59x9,4,0,13,23,15,39
9q59x9,4,0,13,23,20,39
9q59x9,4,0,13,23,25,39
9q59x9,4,0,13,23,30,39
9q59x9,4,0,13,23,35,39
9q59x9,4,0,13,23,40,39
9q59x9,6,1,15,21,25,39
9q59x9,6,1,15,21,30,39
9q59x9,6,1,15,22,5,39
9q59x9,6,1,15,22,10,39
9q59xd,4,0,13,23,20,39
9q59xd,6,1,15,21,35,39
9q59xd,6,1,15,22,10,39
9q59xd,6,1,15,22,20,39
9q59xd,6,1,15,22,30,39
9q59xd,6,1,15,22,35,39
9q59xd,6,1,15,22,40,39
9q59xd,6,1,15,22,50,39
9q59xd,6,1,15,23,5,39
9q59xd,6,1,15,23,15,39
9q59xd,6,1,15,23,25,39
9q59xd,6,1,15,23,50,39
9q59xd,6,1,15,23,55,39
9q59x8,2,0,11,21,25,38
9q59x8,2,0,11,21,45,38
9q59x8,2,0,11,22,25,38
9q59x8,2,0,11,22,30,38
9q59x8,2,0,11,22,35,38
9q59x8,2,0,11,22,40,38
9q59x8,2,0,11,22,50,38
9q59x8,2,0,11,23,10,38
9q59x8,2,0,11,23,15,38
9q59x8,2,0,11,23,25,38
9q59x8,2,0,11,23,45,38
9q59x8,3,0,12,21,40,38
9q59x8,4,0,13,22,25,38
9q59x8,4,0,13,22,30,38
9q59x9,4,0,13,22,40,38
9q59x9,4,0,13,22,45,38
9q59x9,4,0,13,22,50,38
9q59x9,4,0,13,23,0,38
9q59x9,4,0,13,23,45,38
9q59x9,4,0,13,23,50,38
9q59x9,4,0,13,23,55,38
9q59x9,5,0,14,22,5,38
9q59x9,5,0,14,22,40,38
9q59xd,3,0,12,23,40,38
9q59xd,3,0,12,23,50,38
9q59xd,4,0,13,22,30,38
9q59xd,4,0,13,23,0,38
9q59xd,4,0,13,23,5,38
9q59xd,4,0,13,23,10,38
9q59xd,6,1,15,21,30,38
9q59xd,6,1,15,22,0,38
9q59xd,6,1,15,22,25,38
9q59xd,6,1,15,22,55,38
9q59xd,6,1,15,23,10,38
9q59xd,6,1,15,23,30,38
9q59xd,6,1,15,23,35,38
9q59x8,2,0,11,21,15,37
9q59x8,2,0,11,21,50,37
9q59x8,2,0,11,22,55,37
9q59x8,2,0,11,23,0,37
9q59x8,3,0,12,22,0,37
9q59x8,3,0,12,23,55,37
9q59x9,4,0,13,21,0,37
9q59x9,4,0,13,21,5,37
9q59x9,4,0,13,21,35,37
9q59x9,4,0,13,21,40,37
9q59x9,4,0,13,21,45,37
9q59x9,4,0,13,22,5,37
9q59x9,5,0,14,21,45,37
9q59x9,5,0,14,21,55,37
9q59x9,5,0,14,22,35,37
9q59x9,5,0,14,23,15,37
9q59xd,3,0,12,23,35,37
9q59xd,3,0,12,23,45,37
9q59xd,3,0,12,23,55,37
9q59xd,4,0,13,21,30,37
9q59xd,4,0,13,21,35,37
9q59xd,4,0,13,21,40,37
9q59xd,4,0,13,21,45,37
9q59xd,4,0,13,22,35,37
9q59xd,4,0,13,23,15,37
9q59xd,4,0,13,23,40,37
9q59xd,4,0,13,23,45,37
9q59xd,4,0,13,23,50,37
9q59xd,4,0,13,23,55,37
9q59xd,5,0,14,23,50,37
9q59xd,6,1,15,22,5,37
9q59x3,5,0,14,23,35,36
9q59x8,2,0,11,21,0,36
9q59x8,2,0,11,21,5,36
9q59x8,2,0,11,23,5,36
9q59x8,2,0,11,23,30,36
9q59x8,2,0,11,23,35,36
9q59x8,2,0,11,23,40,36
9q59x8,3,0,12,21,45,36
9q59x8,3,0,12,23,45,36
9q59x8,3,0,12,23,50,36
9q59x8,4,0,13,22,35,36
9q59x8,4,0,13,23,30,36
9q59x8,4,0,13,23,45,36
9q59x8,4,0,13,23,50,36
9q59x9,4,0,13,21,50,36
9q59x9,4,0,13,21,55,36
9q59x9,4,0,13,22,0,36
9q59x9,5,0,14,21,50,36
9q59x9,5,0,14,22,0,36
9q59x9,5,0,14,22,45,36
9q59x9,5,0,14,23,20,36
9q59x9,5,0,14,23,25,36
9q59x9,5,0,14,23,30,36
9q59xd,3,0,12,21,45,36
9q59xd,3,0,12,22,40,36
9q59xd,3,0,12,22,45,36
9q59xd,3,0,12,22,50,36
9q59xd,3,0,12,22,55,36
9q59xd,3,0,12,23,0,36
9q59xd,3,0,12,23,5,36
9q59xd,3,0,12,23,10,36
9q59xd,3,0,12,23,15,36
9q59xd,3,0,12,23,20,36
9q59xd,3,0,12,23,25,36
9q59xd,3,0,12,23,30,36
9q59xd,4,0,13,21,20,36
9q59xd,4,0,13,21,50,36
9q59xd,4,0,13,21,55,36
9q59xd,4,0,13,22,5,36
9q59xd,4,0,13,22,25,36
9q59xd,4,0,13,22,40,36
9q59xd,4,0,13,22,45,36
9q59xd,4,0,13,22,50,36
9q59xd,4,0,13,22,55,36
9q59xd,5,0,14,23,40,36
9q59xd,5,0,14,23,45,36
9q59xd,6,1,15,21,15,36
9q59xd,6,1,15,21,20,36
9q59xd,6,1,15,21,25,36
9q59x3,5,0,14,23,15,35
9q59x3,5,0,14,23,25,35
9q59x3,5,0,14,23,40,35
9q59x3,5,0,14,23,45,35
9q59x8,2,0,11,21,10,35
9q59x8,3,0,12,21,50,35
9q59x8,3,0,12,21,55,35
9q59x8,3,0,12,22,5,35
9q59x8,3,0,12,22,10,35
9q59x8,3,0,12,22,30,35
9q59x8,3,0,12,22,35,35
9q59x8,3,0,12,22,40,35
9q59x8,3,0,12,22,45,35
9q59x8,3,0,12,22,50,35
9q59x8,3,0,12,22,55,35
9q59x8,3,0,12,23,10,35
9q59x8,3,0,12,23,15,35
9q59x8,3,0,12,23,20,35
9q59x8,3,0,12,23,30,35
9q59x8,4,0,13,22,40,35
9q59x8,4,0,13,22,45,35
9q59x8,4,0,13,23,35,35
9q59x9,4,0,13,21,10,35
9q59x9,4,0,13,21,30,35
9q59x9,5,0,14,22,50,35
9q59x9,5,0,14,23,35,35
9q59xd,3,0,12,22,10,35
9q59xd,3,0,12,22,15,35
9q59xd,3,0,12,22,20,35
9q59xd,3,0,12,22,25,35
9q59xd,3,0,12,22,35,35
9q59xd,4,0,13,21,25,35
9q59xd,4,0,13,22,0,35
9q59xd,4,0,13,22,10,35
9q59xd,5,0,14,22,30,35
9q59xd,5,0,14,22,35,35
9q59xd,5,0,14,22,45,35
9q59xd,6,1,15,21,5,35
9q59xd,6,1,15,21,10,35
9q59x3,5,0,14,23,20,34
9q59x3,5,0,14,23,30,34
9q59x3,5,0,14,23,50,34
9q59x3,5,0,14,23,55,34
9q59x6,6,1,15,23,0,34
9q59x6,6,1,15,23,5,34
9q59x8,3,0,12,22,15,34
9q59x8,3,0,12,22,25,34
9q59x8,3,0,12,23,0,34
9q59x8,3,0,12,23,25,34
9q59x8,3,0,12,23,35,34
9q59x8,4,0,13,22,50,34
9q59x8,4,0,13,22,55,34
9q59x8,4,0,13,23,0,34
9q59x8,4,0,13,23,5,34
9q59x8,4,0,13,23,55,34
9q59x9,4,0,13,21,15,34
9q59x9,4,0,13,21,20,34
9q59x9,5,0,14,22,15,34
9q59x9,5,0,14,22,20,34
9q59x9,5,0,14,22,25,34
9q59x9,5,0,14,22,30,34
9q59x9,5,0,14,23,40,34
9q59x9,5,0,14,23,45,34
9q59x9,5,0,14,23,50,34
9q59xd,3,0,12,21,40,34
9q59xd,3,0,12,22,0,34
9q59xd,3,0,12,22,5,34
9q59xd,3,0,12,22,30,34
9q59xd,4,0,13,22,15,34
9q59xd,4,0,13,22,20,34
9q59xd,5,0,14,22,5,34
9q59xd,5,0,14,22,10,34
9q59xd,5,0,14,22,15,34
9q59xd,5,0,14,22,20,34
9q59xd,5,0,14,22,40,34
9q59xd,5,0,14,22,50,34
9q59xd,5,0,14,22,55,34
9q59xd,5,0,14,23,0,34
9q59xd,5,0,14,23,10,34
9q59xd,5,0,14,23,15,34
9q59xd,5,0,14,23,20,34
9q59xd,5,0,14,23,25,34
9q59xd,6,1,15,21,0,34
9q59x3,6,1,15,21,15,33
9q59x3,6,1,15,21,20,33
9q59x6,3,0,12,21,0,33
9q59x6,3,0,12,21,30,33
9q59x6,3,0,12,21,35,33
9q59x6,3,0,12,21,55,33
9q59x6,3,0,12,22,15,33
9q59x6,3,0,12,22,20,33
9q59x6,6,1,15,22,55,33
9q59x6,6,1,15,23,10,33
9q59x6,6,1,15,23,15,33
9q59x8,3,0,12,23,5,33
9q59x8,3,0,12,23,40,33
9q59x8,4,0,13,23,15,33
9q59x8,4,0,13,23,20,33
9q59x8,4,0,13,23,25,33
9q59x8,4,0,13,23,40,33
9q59x9,4,0,13,21,25,33
9q59x9,5,0,14,21,35,33
9q59x9,5,0,14,21,40,33
9q59x9,5,0,14,22,10,33
9q59x9,5,0,14,22,55,33
9q59x9,5,0,14,23,0,33
9q59x9,5,0,14,23,55,33
9q59xd,3,0,12,21,50,33
9q59xd,3,0,12,21,55,33
9q59xd,4,0,13,21,10,33
9q59xd,4,0,13,21,15,33
9q59xd,5,0,14,21,55,33
9q59xd,5,0,14,22,0,33
9q59xd,5,0,14,22,25,33
9q59xd,5,0,14,23,5,33
9q59xd,5,0,14,23,30,33
9q59xd,5,0,14,23,35,33
9q59x3,2,0,11,22,30,32
9q59x3,2,0,11,22,35,32
9q59x3,6,1,15,21,10,32
9q59x3,6,1,15,23,50,32
9q59x3,6,1,15,23,55,32
9q59x6,3,0,12,21,5,32
9q59x6,3,0,12,21,10,32
9q59x6,3,0,12,21,20,32
9q59x6,3,0,12,21,25,32
9q59x6,3,0,12,21,45,32
9q59x6,3,0,12,21,50,32
9q59x6,6,1,15,22,20,32
9q59x6,6,1,15,22,50,32
9q59x6,6,1,15,23,20,32
9q59x8,3,0,12,22,20,32
9q59x8,4,0,13,23,10,32
9q59x9,5,0,14,23,5,32
9q59x9,5,0,14,23,10,32
9q59xd,3,0,12,21,25,32
9q59xd,3,0,12,21,30,32
9q59xd,4,0,13,21,0,32
9q59xd,4,0,13,21,5,32
9q59xd,5,0,14,21,35,32
9q59xd,5,0,14,21,50,32
9q59x3,2,0,11,22,40,31
9q59x3,2,0,11,22,45,31
9q59x3,2,0,11,22,50,31
9q59x3,2,0,11,23,55,31
9q59x3,3,0,12,23,15,31
9q59x3,4,0,13,23,40,31
9q59x3,4,0,13,23,45,31
9q59x3,4,0,13,23,50,31
9q59x3,4,0,13,23,55,31
9q59x3,5,0,14,23,10,31
9q59x3,6,1,15,21,25,31
9q59x3,6,1,15,21,40,31
9q59x3,6,1,15,23,45,31
9q59x6,3,0,12,21,15,31
9q59x6,3,0,12,21,40,31
9q59x6,3,0,12,22,0,31
9q59x6,3,0,12,22,10,31
9q59x6,3,0,12,22,25,31
9q59x6,3,0,12,23,0,31
9q59x6,3,0,12,23,5,31
9q59x6,3,0,12,23,10,31
9q59x6,3,0,12,23,20,31
9q59x6,3,0,12,23,25,31
9q59x6,3,0,12,23,30,31
9q59x6,3,0,12,23,35,31
9q59x6,3,0,12,23,40,31
9q59x6,3,0,12,23,45,31
9q59x6,3,0,12,23,50,31
9q59x6,3,0,12,23,55,31
9q59x6,6,1,15,22,25,31
9q59x6,6,1,15,22,45,31
9q59x9,5,0,14,21,5,31
9q59xd,3,0,12,21,15,31
9q59xd,3,0,12,21,20,31
9q59xd,3,0,12,21,35,31
9q59xd,5,0,14,21,30,31
9q59xd,5,0,14,21,40,31
9q59xd,5,0,14,21,45,31
9q59x2,5,0,14,22,5,30
9q59x2,5,0,14,22,10,30
9q59x3,2,0,11,22,55,30
9q59x3,2,0,11,23,0,30
9q59x3,2,0,11,23,5,30
9q59x3,2,0,11,23,10,30
9q59x3,2,0,11,23,15,30
9q59x3,2,0,11,23,20,30
9q59x3,2,0,11,23,50,30
9q59x3,4,0,13,23,10,30
9q59x3,4,0,13,23,15,30
9q59x3,4,0,13,23,20,30
9q59x3,6,1,15,21,0,30
9q59x3,6,1,15,21,5,30
9q59x3,6,1,15,21,30,30
9q59x3,6,1,15,21,35,30
9q59x3,6,1,15,21,45,30
9q59x6,3,0,12,22,5,30
9q59x6,3,0,12,22,30,30
9q59x6,3,0,12,22,35,30
9q59x6,3,0,12,22,45,30
9q59x6,3,0,12,22,50,30
9q59x6,3,0,12,22,55,30
9q59x6,3,0,12,23,15,30
9q59x6,6,1,15,21,30,30
9q59x6,6,1,15,21,50,30
9q59x6,6,1,15,21,55,30
9q59x6,6,1,15,22,0,30
9q59x6,6,1,15,22,5,30
9q59x6,6,1,15,22,10,30
9q59x6,6,1,15,22,15,30
9q59x6,6,1,15,22,30,30
9q59x6,6,1,15,22,35,30
9q59x6,6,1,15,22,40,30
9q59x6,6,1,15,23,25,30
9q59x6,6,1,15,23,30,30
9q59x6,6,1,15,23,35,30
9q59x6,6,1,15,23,40,30
9q59x8,6,1,15,21,0,30
9q59x8,6,1,15,21,5,30
9q59x9,5,0,14,21,0,30
9q59x9,5,0,14,21,15,30
9q59x9,5,0,14,21,30,30
9q59xd,3,0,12,21,5,30
9q59xd,3,0,12,21,10,30
9q59xd,5,0,14,21,15,30
9q59xd,5,0,14,21,20,30
9q59xd,5,0,14,21,25,30
9q59x3,2,0,11,22,25,29
9q59x3,2,0,11,23,45,29
9q59x3,3,0,12,22,5,29
9q59x3,3,0,12,22,10,29
9q59x3,3,0,12,22,15,29
9q59x3,3,0,12,23,5,29
9q59x3,3,0,12,23,10,29
9q59x3,3,0,12,23,20,29
9q59x3,3,0,12,23,25,29
9q59x3,4,0,13,22,5,29
9q59x3,4,0,13,22,45,29
9q59x3,4,0,13,23,0,29
9q59x3,4,0,13,23,5,29
9q59x3,4,0,13,23,25,29
9q59x3,4,0,13,23,30,29
9q59x3,4,0,13,23,35,29
9q59x3,5,0,14,23,5,29
9q59x3,6,1,15,21,50,29
9q59x3,6,1,15,22,15,29
9q59x3,6,1,15,22,25,29
9q59x3,6,1,15,22,30,29
9q59x6,3,0,12,22,40,29
9q59x6,6,1,15,21,25,29
9q59x6,6,1,15,21,35,29
9q59x6,6,1,15,23,50,29
9q59x6,6,1,15,23,55,29
9q59x8,6,1,15,21,10,29
9q59x9,5,0,14,21,10,29
9q59xd,3,0,12,21,0,29
9q59x3,2,0,11,22,20,28
9q59x3,2,0,11,23,25,28
9q59x3,2,0,11,23,30,28
9q59x3,2,0,11,23,35,28
9q59x3,2,0,11,23,40,28
9q59x3,3,0,12,22,20,28
9q59x3,3,0,12,22,25,28
9q59x3,3,0,12,22,30,28
9q59x3,3,0,12,22,35,28
9q59x3,3,0,12,22,40,28
9q59x3,3,0,12,22,45,28
9q59x3,3,0,12,22,50,28
9q59x3,3,0,12,22,55,28
9q59x3,4,0,13,22,10,28
9q59x3,4,0,13,22,15,28
9q59x3,4,0,13,22,20,28
9q59x3,4,0,13,22,40,28
9q59x3,4,0,13,22,50,28
9q59x3,4,0,13,22,55,28
9q59x3,5,0,14,22,35,28
9q59x3,5,0,14,22,40,28
9q59x3,6,1,15,21,55,28
9q59x3,6,1,15,22,5,28
9q59x3,6,1,15,22,10,28
9q59x3,6,1,15,22,20,28
9q59x3,6,1,15,22,35,28
9q59x3,6,1,15,22,40,28
9q59x3,6,1,15,22,45,28
9q59x3,6,1,15,22,50,28
9q59x3,6,1,15,22,55,28
9q59x3,6,1,15,23,0,28
9q59x3,6,1,15,23,25,28
9q59x6,6,1,15,21,15,28
9q59x6,6,1,15,21,20,28
9q59x6,6,1,15,21,40,28
9q59x6,6,1,15,21,45,28
9q59x6,6,1,15,23,45,28
9q59x8,6,1,15,22,5,28
9q59x9,5,0,14,21,25,28
9q59xd,2,0,11,21,10,28
9q59x2,4,0,13,22,50,27
9q59x2,4,0,13,23,0,27
9q59x2,5,0,14,22,15,27
9q59x2,5,0,14,22,20,27
9q59x3,2,0,11,21,25,27
9q59x3,2,0,11,22,5,27
9q59x3,2,0,11,22,10,27
9q59x3,2,0,11,22,15,27
9q59x3,3,0,12,21,55,27
9q59x3,3,0,12,22,0,27
9q59x3,3,0,12,23,0,27
9q59x3,3,0,12,23,30,27
9q59x3,4,0,13,22,0,27
9q59x3,4,0,13,22,25,27
9q59x3,4,0,13,22,30,27
9q59x3,4,0,13,22,35,27
9q59x3,5,0,14,22,0,27
9q59x3,5,0,14,22,15,27
9q59x3,5,0,14,22,25,27
9q59x3,5,0,14,22,45,27
9q59x3,5,0,14,22,50,27
9q59x3,5,0,14,23,0,27
9q59x3,6,1,15,22,0,27
9q59x3,6,1,15,23,5,27
9q59x3,6,1,15,23,10,27
9q59x3,6,1,15,23,15,27
9q59x3,6,1,15,23,20,27
9q59x3,6,1,15,23,30,27
9q59x3,6,1,15,23,35,27
9q59x3,6,1,15,23,40,27
9q59x6,6,1,15,21,10,27
9q59x9,5,0,14,21,20,27
9q59xd,2,0,11,21,5,27
9q59xd,2,0,11,21,15,27
9q59xd,2,0,11,23,25,27
9q59xd,2,0,11,23,30,27
9q59xd,2,0,11,23,35,27
9q59xd,5,0,14,21,0,27
9q59xd,5,0,14,21,5,27
9q59xd,5,0,14,21,10,27
9q59x2,4,0,13,22,55,26
9q59x2,4,0,13,23,15,26
9q59x2,4,0,13,23,35,26
9q59x2,4,0,13,23,40,26
9q59x2,4,0,13,23,55,26
9q59x2,5,0,14,21,30,26
9q59x3,2,0,11,21,10,26
9q59x3,2,0,11,21,15,26
9q59x3,2,0,11,21,20,26
9q59x3,2,0,11,21,35,26
9q59x3,2,0,11,21,50,26
9q59x3,2,0,11,22,0,26
9q59x3,3,0,12,21,40,26
9q59x3,3,0,12,21,50,26
9q59x3,3,0,12,23,35,26
9q59x3,3,0,12,23,40,26
9q59x3,4,0,13,21,55,26
9q59x3,5,0,14,21,50,26
9q59x3,5,0,14,21,55,26
9q59x3,5,0,14,22,5,26
9q59x3,5,0,14,22,10,26
9q59x3,5,0,14,22,30,26
9q59x6,2,0,11,23,40,26
9q59x6,6,1,15,21,0,26
9q59x6,6,1,15,21,5,26
9q59x8,6,1,15,21,15,26
9q59x8,6,1,15,21,20,26
9q59xd,2,0,11,21,0,26
9q59xd,2,0,11,21,20,26
9q59xd,2,0,11,23,10,26
9q59xd,2,0,11,23,15,26
9q59xd,2,0,11,23,20,26
9q59xd,2,0,11,23,40,26
9q59xd,2,0,11,23,45,26
9q59xd,2,0,11,23,50,26
9q59xd,2,0,11,23,55,26
9q59x2,4,0,13,21,25,25
9q59x2,4,0,13,22,40,25
9q59x2,4,0,13,22,45,25
9q59x2,4,0,13,23,5,25
9q59x2,4,0,13,23,10,25
9q59x2,4,0,13,23,20,25
9q59x2,4,0,13,23,25,25
9q59x2,4,0,13,23,45,25
9q59x2,5,0,14,21,35,25
9q59x2,5,0,14,22,55,25
9q59x2,5,0,14,23,5,25
9q59x2,5,0,14,23,40,25
9q59x3,2,0,11,21,5,25
9q59x3,2,0,11,21,30,25
9q59x3,2,0,11,21,40,25
9q59x3,2,0,11,21,45,25
9q59x3,2,0,11,21,55,25
9q59x3,3,0,12,21,45,25
9q59x3,4,0,13,21,50,25
9q59x3,5,0,14,21,45,25
9q59x3,5,0,14,22,20,25
9q59x3,5,0,14,22,55,25
9q59x6,2,0,11,23,25,25
9q59x6,2,0,11,23,30,25
9q59x6,2,0,11,23,35,25
9q59x6,2,0,11,23,45,25
9q59x8,6,1,15,21,25,25
9q59x8,6,1,15,21,30,25
9q59x8,6,1,15,21,35,25
9q59x8,6,1,15,21,40,25
9q59x8,6,1,15,22,0,25
9q59xd,2,0,11,21,25,25
9q59xd,2,0,11,23,5,25
9q59x2,4,0,13,23,50,24
9q59x2,5,0,14,22,0,24
9q59x2,5,0,14,22,50,24
9q59x2,5,0,14,23,0,24
9q59x2,5,0,14,23,10,24
9q59x2,5,0,14,23,45,24
9q59x2,5,0,14,23,50,24
9q59x3,2,0,11,21,0,24
9q59x3,3,0,12,23,45,24
9q59x3,3,0,12,23,50,24
9q59x3,3,0,12,23,55,24
9q59x3,4,0,13,21,45,24
9q59x3,5,0,14,21,25,24
9q59x3,5,0,14,21,40,24
9q59x6,2,0,11,22,40,24
9q59x6,2,0,11,22,45,24
9q59x6,2,0,11,22,50,24
9q59x6,2,0,11,23,50,24
9q59x6,2,0,11,23,55,24
9q59x8,6,1,15,21,45,24
9q59x8,6,1,15,23,40,24
9q59xd,2,0,11,21,45,24
9q59x2,4,0,13,21,20,23
9q59x2,4,0,13,21,30,23
9q59x2,4,0,13,22,10,23
9q59x2,4,0,13,22,15,23
9q59x2,4,0,13,22,25,23
9q59x2,4,0,13,22,35,23
9q59x2,5,0,14,21,25,23
9q59x2,5,0,14,21,55,23
9q59x2,5,0,14,22,25,23
9q59x2,5,0,14,22,40,23
9q59x2,5,0,14,22,45,23
9q59x2,5,0,14,23,20,23
9q59x2,5,0,14,23,30,23
9q59x3,4,0,13,21,10,23
9q59x3,4,0,13,21,15,23
9q59x3,4,0,13,21,20,23
9q59x3,4,0,13,21,25,23
9q59x3,4,0,13,21,35,23
9q59x3,4,0,13,21,40,23
9q59x3,5,0,14,21,30,23
9q59x3,5,0,14,21,35,23
9q59x6,2,0,11,21,55,23
9q59x6,2,0,11,22,5,23
9q59x6,2,0,11,22,10,23
9q59x6,2,0,11,22,15,23
9q59x6,2,0,11,22,55,23
9q59x6,2,0,11,23,0,23
9q59x6,2,0,11,23,5,23
9q59x6,2,0,11,23,10,23
9q59x6,2,0,11,23,15,23
9q59x6,2,0,11,23,20,23
9q59x6,4,0,13,22,25,23
9q59x6,4,0,13,23,25,23
9q59x6,4,0,13,23,30,23
9q59x6,4,0,13,23,35,23
9q59x6,4,0,13,23,40,23
9q59x6,4,0,13,23,45,23
9q59x6,4,0,13,23,50,23
9q59x6,4,0,13,23,55,23
9q59x8,6,1,15,21,50,23
9q59x8,6,1,15,22,10,23
9q59x8,6,1,15,22,45,23
9q59x8,6,1,15,23,10,23
9q59x8,6,1,15,23,30,23
9q59x8,6,1,15,23,35,23
9q59x8,6,1,15,23,45,23
9q59x8,6,1,15,23,50,23
9q59x8,6,1,15,23,55,23
9q59xd,2,0,11,21,30,23
9q59xd,2,0,11,21,35,23
9q59xd,2,0,11,21,40,23
9q59xd,2,0,11,22,10,23
9q59xd,2,0,11,22,15,23
9q59x2,4,0,13,21,5,22
9q59x2,4,0,13,21,10,22
9q59x2,4,0,13,21,15,22
9q59x2,4,0,13,21,40,22
9q59x2,4,0,13,21,45,22
9q59x2,4,0,13,21,50,22
9q59x2,4,0,13,22,20,22
9q59x2,4,0,13,22,30,22
9q59x2,4,0,13,23,30,22
9q59x2,5,0,14,21,0,22
9q59x2,5,0,14,21,50,22
9q59x2,5,0,14,22,30,22
9q59x2,5,0,14,23,25,22
9q59x2,5,0,14,23,35,22
9q59x2,5,0,14,23,55,22
9q59x3,4,0,13,21,0,22
9q59x3,4,0,13,21,5,22
9q59x3,4,0,13,21,30,22
9q59x3,5,0,14,21,10,22
9q59x3,5,0,14,21,20,22
9q59x6,2,0,11,21,45,22
9q59x6,2,0,11,21,50,22
9q59x6,2,0,11,22,0,22
9q59x6,2,0,11,22,20,22
9q59x6,2,0,11,22,25,22
9q59x6,2,0,11,22,30,22
9q59x6,2,0,11,22,35,22
9q59x6,4,0,13,21,55,22
9q59x6,4,0,13,22,20,22
9q59x6,4,0,13,22,30,22
9q59x6,4,0,13,22,35,22
9q59x6,4,0,13,22,40,22
9q59x6,4,0,13,22,50,22
9q59x6,4,0,13,22,55,22
9q59x6,4,0,13,23,0,22
9q59x6,4,0,13,23,5,22
9q59x6,4,0,13,23,10,22
9q59x8,6,1,15,21,55,22
9q59x8,6,1,15,22,30,22
9q59x8,6,1,15,22,35,22
9q59x8,6,1,15,22,40,22
9q59x8,6,1,15,23,5,22
9q59x8,6,1,15,23,15,22
9q59xd,2,0,11,21,50,22
9q59xd,2,0,11,21,55,22
9q59xd,2,0,11,22,55,22
9q59xd,2,0,11,23,0,22
9q59x2,4,0,13,21,0,21
9q59x2,4,0,13,21,35,21
9q59x2,5,0,14,21,5,21
9q59x2,5,0,14,21,40,21
9q59x2,5,0,14,21,45,21
9q59x2,5,0,14,22,35,21
9q59x3,3,0,12,21,35,21
9q59x3,5,0,14,21,0,21
9q59x3,5,0,14,21,5,21
9q59x3,5,0,14,21,15,21
9q59x6,2,0,11,21,40,21
9q59x6,4,0,13,21,30,21
9q59x6,4,0,13,21,35,21
9q59x6,4,0,13,21,40,21
9q59x6,4,0,13,21,45,21
9q59x6,4,0,13,21,50,21
9q59x6,4,0,13,22,0,21
9q59x6,4,0,13,22,5,21
9q59x6,4,0,13,22,15,21
9q59x6,4,0,13,22,45,21
9q59x6,4,0,13,23,15,21
9q59x6,4,0,13,23,20,21
9q59x8,6,1,15,22,25,21
9q59x8,6,1,15,22,50,21
9q59x8,6,1,15,23,25,21
9q59xd,2,0,11,22,0,21
9q59xd,2,0,11,22,5,21
9q59xd,2,0,11,22,25,21
9q59xd,2,0,11,22,30,21
9q59xd,2,0,11,22,35,21
9q59xd,2,0,11,22,40,21
9q59xd,2,0,11,22,45,21
9q59xd,2,0,11,22,50,21
9q59x2,4,0,13,22,5,20
9q59x2,5,0,14,21,10,20
9q59x2,5,0,14,21,15,20
9q59x2,5,0,14,21,20,20
9q59x2,5,0,14,23,15,20
9q59x6,2,0,11,21,30,20
9q59x6,2,0,11,21,35,20
9q59x6,4,0,13,21,20,20
9q59x6,4,0,13,21,25,20
9q59x6,4,0,13,22,10,20
9q59x8,6,1,15,22,15,20
9q59x8,6,1,15,22,20,20
9q59x8,6,1,15,22,55,20
9q59x8,6,1,15,23,20,20
9q59xd,2,0,11,22,20,20
9q59x2,4,0,13,21,55,19
9q59x2,4,0,13,22,0,19
9q59x6,2,0,11,21,0,19
9q59x6,2,0,11,21,5,19
9q59x6,2,0,11,21,10,19
9q59x6,2,0,11,21,15,19
9q59x6,2,0,11,21,20,19
9q59x6,2,0,11,21,25,19
9q59x6,4,0,13,21,0,19
9q59x6,4,0,13,21,5,19
9q59x6,4,0,13,21,10,19
9q59x6,4,0,13,21,15,19
9q59x8,6,1,15,23,0,19
9q59x3,3,0,12,21,15,17
9q59x3,3,0,12,21,20,17
9q59x3,3,0,12,21,30,17
9q59x2,6,1,15,22,10,16
9q59x2,6,1,15,22,40,16
9q59x2,6,1,15,22,45,16
9q59x3,3,0,12,21,10,16
9q59x3,3,0,12,21,25,16
9q59x2,3,0,12,21,0,15
9q59x2,3,0,12,21,5,15
9q59x2,3,0,12,21,55,15
9q59x2,3,0,12,22,25,15
9q59x2,6,1,15,22,25,15
9q59x2,6,1,15,22,30,15
9q59x2,6,1,15,22,35,15
9q59x3,3,0,12,21,0,15
9q59x3,3,0,12,21,5,15
9q59x2,3,0,12,21,50,14
9q59x2,3,0,12,22,5,14
9q59x2,3,0,12,22,20,14
9q59x2,3,0,12,22,30,14
9q59x2,3,0,12,22,50,14
9q59x2,6,1,15,22,50,14
9q59x2,6,1,15,22,55,14
9q59x2,6,1,15,23,0,14
9q59x2,3,0,12,22,0,13
9q59x2,3,0,12,22,10,13
9q59x2,3,0,12,22,15,13
9q59x2,3,0,12,22,35,13
9q59x2,3,0,12,22,40,13
9q59x2,3,0,12,23,0,13
9q59x2,3,0,12,23,30,13
9q59x2,3,0,12,23,40,13
9q59x2,6,1,15,21,45,13
9q59x2,6,1,15,22,0,13
9q59x2,6,1,15,22,5,13
9q59x2,6,1,15,22,15,13
9q59x2,6,1,15,23,30,13
9q59x2,6,1,15,23,35,13
9q59x2,6,1,15,23,40,13
9q59xe,5,0,14,21,30,13
9q59xe,5,0,14,21,35,13
9q59x2,3,0,12,21,10,12
9q59x2,3,0,12,21,25,12
9q59x2,3,0,12,21,30,12
9q59x2,3,0,12,22,45,12
9q59x2,3,0,12,22,55,12
9q59x2,3,0,12,23,25,12
9q59x2,3,0,12,23,35,12
9q59x2,3,0,12,23,45,12
9q59x2,6,1,15,21,25,12
9q59x2,6,1,15,21,30,12
9q59x2,6,1,15,21,50,12
9q59x2,6,1,15,22,20,12
9q59x2,6,1,15,23,5,12
9q59x2,6,1,15,23,10,12
9q59x2,6,1,15,23,15,12
9q59x2,6,1,15,23,20,12
9q59x2,6,1,15,23,25,12
9q59x2,6,1,15,23,45,12
9q59x2,6,1,15,23,50,12
9q59x2,6,1,15,23,55,12
9q59xe,5,0,14,21,0,12
9q59xe,5,0,14,21,5,12
9q59xe,5,0,14,21,10,12
9q59xe,5,0,14,21,15,12
9q59xe,5,0,14,21,20,12
9q59xe,5,0,14,21,25,12
9q59xe,5,0,14,21,45,12
9q59xe,5,0,14,23,10,12
9q59xe,5,0,14,23,15,12
9q59xe,5,0,14,23,20,12
9q59xe,5,0,14,23,25,12
9q59xe,5,0,14,23,30,12
9q59xe,5,0,14,23,35,12
9q59xe,5,0,14,23,40,12
9q59xe,5,0,14,23,45,12
9q59x2,2,0,11,21,0,11
9q59x2,3,0,12,21,35,11
9q59x2,3,0,12,21,40,11
9q59x2,3,0,12,21,45,11
9q59x2,3,0,12,23,20,11
9q59x2,3,0,12,23,50,11
9q59x2,3,0,12,23,55,11
9q59x2,6,1,15,21,20,11
9q59x2,6,1,15,21,35,11
9q59x2,6,1,15,21,40,11
9q59x2,6,1,15,21,55,11
9q59x6,5,0,14,23,10,11
9q59xe,4,0,13,21,45,11
9q59xe,4,0,13,21,50,11
9q59xe,4,0,13,22,20,11
9q59xe,4,0,13,23,15,11
9q59xe,4,0,13,23,20,11
9q59xe,4,0,13,23,40,11
9q59xe,4,0,13,23,45,11
9q59xe,4,0,13,23,50,11
9q59xe,4,0,13,23,55,11
9q59xe,5,0,14,21,40,11
9q59xe,5,0,14,21,50,11
9q59xe,5,0,14,21,55,11
9q59xe,5,0,14,22,0,11
9q59xe,5,0,14,22,5,11
9q59xe,5,0,14,22,10,11
9q59xe,5,0,14,22,15,11
9q59xe,5,0,14,22,20,11
9q59xe,5,0,14,22,25,11
9q59xe,5,0,14,22,30,11
9q59xe,5,0,14,22,35,11
9q59xe,5,0,14,22,40,11
9q59xe,5,0,14,22,45,11
9q59xe,5,0,14,22,50,11
9q59xe,5,0,14,22,55,11
9q59xe,5,0,14,23,0,11
9q59xe,5,0,14,23,5,11
9q59xe,5,0,14,23,50,11
9q59xe,5,0,14,23,55,11
9q59x2,2,0,11,21,15,10
9q59x2,3,0,12,21,15,10
9q59x2,3,0,12,21,20,10
9q59x2,3,0,12,23,5,10
9q59x2,3,0,12,23,10,10
9q59x2,3,0,12,23,15,10
9q59x2,6,1,15,21,0,10
9q59x2,6,1,15,21,10,10
9q59x6,5,0,14,22,55,10
9q59x6,5,0,14,23,0,10
9q59x6,5,0,14,23,5,10
9q59x6,5,0,14,23,15,10
9q59xc,5,0,14,23,0,10
9q59xe,2,0,11,23,35,10
9q59xe,2,0,11,23,40,10
9q59xe,2,0,11,23,45,10
9q59xe,4,0,13,21,0,10
9q59xe,4,0,13,21,5,10
9q59xe,4,0,13,21,10,10
9q59xe,4,0,13,21,25,10
9q59xe,4,0,13,21,30,10
9q59xe,4,0,13,21,35,10
9q59xe,4,0,13,21,40,10
9q59xe,4,0,13,21,55,10
9q59xe,4,0,13,22,10,10
9q59xe,4,0,13,22,15,10
9q59xe,4,0,13,22,25,10
9q59xe,4,0,13,22,35,10
9q59xe,4,0,13,22,40,10
9q59xe,4,0,13,22,45,10
9q59xe,4,0,13,22,50,10
9q59xe,4,0,13,22,55,10
9q59xe,4,0,13,23,0,10
9q59xe,4,0,13,23,5,10
9q59xe,4,0,13,23,10,10
9q59xe,4,0,13,23,25,10
9q59xe,4,0,13,23,30,10
9q59xe,4,0,13,23,35,10
9q59x2,2,0,11,21,5,9
9q59x2,2,0,11,21,10,9
9q59x2,2,0,11,21,20,9
9q59x2,2,0,11,21,25,9
9q59x2,2,0,11,21,30,9
9q59x2,2,0,11,21,50,9
9q59x2,2,0,11,22,25,9
9q59x2,6,1,15,21,5,9
9q59x2,6,1,15,21,15,9
9q59x6,5,0,14,23,20,9
9q59x6,5,0,14,23,25,9
9q59x6,5,0,14,23,30,9
9q59x6,5,0,14,23,35,9
9q59x6,5,0,14,23,40,9
9q59x6,5,0,14,23,45,9
9q59x6,5,0,14,23,50,9
9q59xc,5,0,14,22,45,9
9q59xc,5,0,14,22,55,9
9q59xc,5,0,14,23,35,9
9q59xe,2,0,11,21,40,9
9q59xe,2,0,11,21,45,9
9q59xe,2,0,11,22,25,9
9q59xe,2,0,11,22,35,9
9q59xe,2,0,11,22,50,9
9q59xe,2,0,11,22,55,9
9q59xe,2,0,11,23,0,9
9q59xe,2,0,11,23,5,9
9q59xe,2,0,11,23,20,9
9q59xe,2,0,11,23,25,9
9q59xe,2,0,11,23,30,9
9q59xe,2,0,11,23,50,9
9q59xe,3,0,12,21,15,9
9q59xe,3,0,12,21,20,9
9q59xe,4,0,13,21,15,9
9q59xe,4,0,13,22,0,9
9q59xe,4,0,13,22,5,9
9q59xe,4,0,13,22,30,9
9q59x2,2,0,11,21,45,8
9q59x2,2,0,11,22,0,8
9q59x2,2,0,11,22,5,8
9q59x2,2,0,11,22,10,8
9q59x2,2,0,11,22,15,8
9q59x2,2,0,11,22,20,8
9q59x2,2,0,11,22,55,8
9q59x2,2,0,11,23,10,8
9q59x2,2,0,11,23,25,8
9q59x2,2,0,11,23,30,8
9q59x6,5,0,14,23,55,8
9q59xc,5,0,14,22,50,8
9q59xc,5,0,14,23,40,8
9q59xe,2,0,11,21,0,8
9q59xe,2,0,11,21,5,8
9q59xe,2,0,11,21,30,8
9q59xe,2,0,11,21,35,8
9q59xe,2,0,11,21,50,8
9q59xe,2,0,11,22,20,8
9q59xe,2,0,11,22,30,8
9q59xe,2,0,11,22,40,8
9q59xe,2,0,11,22,45,8
9q59xe,2,0,11,23,10,8
9q59xe,2,0,11,23,15,8
9q59xe,3,0,12,21,0,8
9q59xe,3,0,12,21,5,8
9q59xe,3,0,12,21,10,8
9q59xe,3,0,12,21,25,8
9q59xe,3,0,12,21,30,8
9q59xe,3,0,12,21,35,8
9q59xe,3,0,12,21,45,8
9q59xe,3,0,12,21,50,8
9q59xe,3,0,12,21,55,8
9q59xe,3,0,12,22,0,8
9q59xe,4,0,13,21,20,8
9q59x2,2,0,11,21,35,7
9q59x2,2,0,11,21,40,7
9q59x2,2,0,11,21,55,7
9q59x2,2,0,11,22,45,7
9q59x2,2,0,11,22,50,7
9q59x2,2,0,11,23,0,7
9q59x2,2,0,11,23,5,7
9q59x2,2,0,11,23,15,7
9q59x2,2,0,11,23,20,7
9q59x2,2,0,11,23,35,7
9q59x2,2,0,11,23,40,7
9q59x2,2,0,11,23,55,7
9q59x6,5,0,14,21,55,7
9q59x6,5,0,14,22,0,7
9q59x6,5,0,14,22,5,7
9q59x6,5,0,14,22,10,7
9q59x6,5,0,14,22,15,7
9q59x6,5,0,14,22,20,7
9q59x6,5,0,14,22,25,7
9q59x6,5,0,14,22,30,7
9q59x6,5,0,14,22,35,7
9q59x6,5,0,14,22,40,7
9q59x6,5,0,14,22,45,7
9q59x6,5,0,14,22,50,7
9q59xc,5,0,14,22,20,7
9q59xc,5,0,14,22,25,7
9q59xc,5,0,14,22,30,7
9q59xc,5,0,14,23,5,7
9q59xe,2,0,11,21,20,7
9q59xe,2,0,11,21,25,7
9q59xe,2,0,11,21,55,7
9q59xe,2,0,11,22,0,7
9q59xe,2,0,11,22,5,7
9q59xe,2,0,11,22,10,7
9q59xe,2,0,11,22,15,7
9q59xe,2,0,11,23,55,7
9q59xe,3,0,12,21,40,7
9q59xe,3,0,12,22,5,7
9q59x2,2,0,11,22,30,6
9q59x2,2,0,11,22,35,6
9q59x2,2,0,11,22,40,6
9q59x2,2,0,11,23,45,6
9q59x2,2,0,11,23,50,6
9q59x6,5,0,14,21,10,6
9q59x6,5,0,14,21,35,6
9q59x6,5,0,14,21,40,6
9q59x6,5,0,14,21,45,6
9q59x6,5,0,14,21,50,6
9q59xc,5,0,14,22,35,6
9q59xc,5,0,14,22,40,6
9q59xc,5,0,14,23,45,6
9q59xe,2,0,11,21,10,6
9q59xe,2,0,11,21,15,6
9q59xe,3,0,12,23,55,6
9q59x6,5,0,14,21,0,5
9q59x6,5,0,14,21,5,5
9q59x6,5,0,14,21,20,5
9q59x6,5,0,14,21,25,5
9q59x6,5,0,14,21,30,5
9q59xc,4,0,13,23,5,5
9q59xc,4,0,13,23,10,5
9q59xc,4,0,13,23,15,5
9q59xc,5,0,14,22,0,5
9q59xc,5,0,14,23,10,5
9q59xc,5,0,14,23,15,5
9q59xc,5,0,14,23,50,5
9q59xc,5,0,14,23,55,5
9q59xe,3,0,12,22,10,5
9q59xe,3,0,12,22,15,5
9q59xe,3,0,12,22,20,5
9q59xe,3,0,12,23,30,5
9q59xe,3,0,12,23,35,5
9q59xe,3,0,12,23,45,5
9q59xe,3,0,12,23,50,5
9q59x6,5,0,14,21,15,4
9q59xc,4,0,13,21,15,4
9q59xc,4,0,13,21,20,4
9q59xc,4,0,13,21,25,4
9q59xc,4,0,13,21,30,4
9q59xc,4,0,13,21,35,4
9q59xc,4,0,13,21,40,4
9q59xc,4,0,13,21,45,4
9q59xc,4,0,13,21,50,4
9q59xc,4,0,13,21,55,4
9q59xc,4,0,13,22,0,4
9q59xc,4,0,13,22,10,4
9q59xc,4,0,13,22,15,4
9q59xc,4,0,13,22,20,4
9q59xc,4,0,13,22,25,4
9q59xc,4,0,13,22,30,4
9q59xc,4,0,13,22,35,4
9q59xc,4,0,13,22,40,4
9q59xc,4,0,13,22,45,4
9q59xc,4,0,13,22,50,4
9q59xc,4,0,13,22,55,4
9q59xc,4,0,13,23,0,4
9q59xc,4,0,13,23,20,4
9q59xc,4,0,13,23,25,4
9q59xc,4,0,13,23,30,4
9q59xc,4,0,13,23,35,4
9q59xc,4,0,13,23,40,4
9q59xc,4,0,13,23,45,4
9q59xc,4,0,13,23,50,4
9q59xc,4,0,13,23,55,4
9q59xc,5,0,14,21,30,4
9q59xc,5,0,14,21,35,4
9q59xc,5,0,14,21,40,4
9q59xc,5,0,14,21,45,4
9q59xc,5,0,14,21,50,4
9q59xc,5,0,14,21,55,4
9q59xc,5,0,14,22,5,4
9q59xc,5,0,14,22,10,4
9q59xc,5,0,14,22,15,4
9q59xc,5,0,14,23,20,4
9q59xc,5,0,14,23,30,4
9q59xe,3,0,12,22,25,4
9q59xe,3,0,12,22,30,4
9q59xe,3,0,12,23,10,4
9q59xe,3,0,12,23,15,4
9q59xe,3,0,12,23,20,4
9q59xe,3,0,12,23,25,4
9q59xe,3,0,12,23,40,4
9q59xe,6,1,15,22,0,4
9q59xf,4,0,13,21,0,4
9q59xf,4,0,13,21,5,4
9q59xf,4,0,13,21,10,4
9q59xf,4,0,13,21,15,4
9q59xc,4,0,13,21,0,3
9q59xc,4,0,13,21,5,3
9q59xc,4,0,13,21,10,3
9q59xc,4,0,13,22,5,3
9q59xc,5,0,14,23,25,3
9q59xe,3,0,12,22,35,3
9q59xe,3,0,12,22,55,3
9q59xe,3,0,12,23,0,3
9q59xe,3,0,12,23,5,3
9q59xe,6,1,15,21,35,3
9q59xe,6,1,15,21,40,3
9q59xe,6,1,15,21,45,3
9q59xe,6,1,15,21,50,3
9q59xe,6,1,15,21,55,3
9q59xe,6,1,15,22,5,3
9q59xe,6,1,15,22,10,3
9q59xe,6,1,15,22,15,3
9q59xe,6,1,15,22,20,3
9q59xe,6,1,15,22,25,3
9q59xe,6,1,15,22,30,3
9q59xe,6,1,15,23,40,3
9q59xf,4,0,13,21,20,3
9q59xf,4,0,13,21,25,3
9q59xf,4,0,13,21,30,3
9q59xf,4,0,13,21,35,3
9q59xf,4,0,13,21,40,3
9q59xf,4,0,13,21,45,3
9q59xf,4,0,13,21,50,3
9q59xf,4,0,13,21,55,3
9q59xf,4,0,13,22,0,3
9q59xf,4,0,13,22,5,3
9q59xf,4,0,13,22,10,3
9q59xf,4,0,13,22,15,3
9q59xf,4,0,13,22,20,3
9q59xf,4,0,13,22,25,3
9q59xf,4,0,13,22,30,3
9q59xf,4,0,13,22,35,3
9q59xf,4,0,13,22,40,3
9q59xf,4,0,13,22,45,3
9q59xf,4,0,13,22,50,3
9q59xf,4,0,13,22,55,3
9q59xf,4,0,13,23,0,3
9q59xf,4,0,13,23,5,3
9q59xf,4,0,13,23,10,3
9q59xf,4,0,13,23,15,3
9q59xf,4,0,13,23,20,3
9q59xf,4,0,13,23,25,3
9q59xf,4,0,13,23,30,3
9q59xf,4,0,13,23,35,3
9q59xf,4,0,13,23,40,3
9q59xf,4,0,13,23,45,3
9q59xf,4,0,13,23,50,3
9q59xf,4,0,13,23,55,3
9q59xf,5,0,14,21,0,3
9q59xf,5,0,14,21,5,3
9q59xf,5,0,14,22,50,3
9q59xf,5,0,14,22,55,3
9q59xf,5,0,14,23,0,3
9q59xf,5,0,14,23,5,3
9q59xc,2,0,11,23,20,2
9q59xc,2,0,11,23,25,2
9q59xc,2,0,11,23,30,2
9q59xc,2,0,11,23,35,2
9q59xc,5,0,14,21,0,2
9q59xc,5,0,14,21,5,2
9q59xc,5,0,14,21,10,2
9q59xc,5,0,14,21,15,2
9q59xc,5,0,14,21,20,2
9q59xc,5,0,14,21,25,2
9q59xe,3,0,12,22,40,2
9q59xe,3,0,12,22,45,2
9q59xe,3,0,12,22,50,2
9q59xe,6,1,15,21,0,2
9q59xe,6,1,15,21,5,2
9q59xe,6,1,15,21,10,2
9q59xe,6,1,15,21,15,2
9q59xe,6,1,15,21,20,2
9q59xe,6,1,15,21,25,2
9q59xe,6,1,15,21,30,2
9q59xe,6,1,15,22,35,2
9q59xe,6,1,15,22,40,2
9q59xe,6,1,15,22,45,2
9q59xe,6,1,15,22,50,2
9q59xe,6,1,15,22,55,2
9q59xe,6,1,15,23,0,2
9q59xe,6,1,15,23,5,2
9q59xe,6,1,15,23,10,2
9q59xe,6,1,15,23,15,2
9q59xe,6,1,15,23,20,2
9q59xe,6,1,15,23,25,2
9q59xe,6,1,15,23,30,2
9q59xe,6,1,15,23,35,2
9q59xe,6,1,15,23,45,2
9q59xe,6,1,15,23,50,2
9q59xe,6,1,15,23,55,2
9q59xf,2,0,11,21,25,2
9q59xf,2,0,11,21,30,2
9q59xf,2,0,11,21,40,2
9q59xf,2,0,11,21,45,2
9q59xf,2,0,11,21,50,2
9q59xf,2,0,11,22,0,2
9q59xf,2,0,11,22,10,2
9q59xf,2,0,11,22,20,2
9q59xf,2,0,11,22,25,2
9q59xf,2,0,11,22,30,2
9q59xf,2,0,11,22,35,2
9q59xf,2,0,11,22,40,2
9q59xf,2,0,11,22,45,2
9q59xf,2,0,11,22,50,2
9q59xf,2,0,11,22,55,2
9q59xf,2,0,11,23,0,2
9q59xf,2,0,11,23,5,2
9q59xf,2,0,11,23,10,2
9q59xf,2,0,11,23,15,2
9q59xf,2,0,11,23,20,2
9q59xf,2,0,11,23,25,2
9q59xf,2,0,11,23,30,2
9q59xf,2,0,11,23,35,2
9q59xf,2,0,11,23,40,2
9q59xf,5,0,14,21,10,2
9q59xf,5,0,14,21,15,2
9q59xf,5,0,14,21,40,2
9q59xf,5,0,14,21,45,2
9q59xf,5,0,14,21,50,2
9q59xf,5,0,14,21,55,2
9q59xf,5,0,14,22,0,2
9q59xf,5,0,14,22,5,2
9q59xf,5,0,14,22,10,2
9q59xf,5,0,14,22,15,2
9q59xf,5,0,14,22,20,2
9q59xf,5,0,14,22,25,2
9q59xf,5,0,14,22,30,2
9q59xf,5,0,14,22,35,2
9q59xf,5,0,14,22,40,2
9q59xf,5,0,14,22,45,2
9q59xf,5,0,14,23,30,2
9q59xf,5,0,14,23,35,2
9q59xf,5,0,14,23,40,2
9q59x7,2,0,11,22,25,1
9q59x7,2,0,11,22,30,1
9q59x7,2,0,11,22,35,1
9q59x7,2,0,11,22,40,1
9q59x7,2,0,11,22,45,1
9q59x7,2,0,11,22,50,1
9q59x7,2,0,11,22,55,1
9q59x7,2,0,11,23,0,1
9q59x7,2,0,11,23,5,1
9q59x7,2,0,11,23,10,1
9q59x7,2,0,11,23,15,1
9q59x7,2,0,11,23,30,1
9q59x7,6,1,15,21,0,1
9q59x7,6,1,15,21,5,1
9q59x7,6,1,15,21,10,1
9q59x7,6,1,15,21,15,1
9q59x7,6,1,15,21,20,1
9q59x7,6,1,15,21,25,1
9q59x7,6,1,15,21,30,1
9q59x7,6,1,15,21,35,1
9q59x7,6,1,15,21,40,1
9q59x7,6,1,15,21,45,1
9q59x7,6,1,15,21,50,1
9q59x7,6,1,15,21,55,1
9q59x7,6,1,15,22,0,1
9q59x7,6,1,15,22,5,1
9q59x7,6,1,15,22,10,1
9q59x7,6,1,15,22,15,1
9q59x7,6,1,15,22,20,1
9q59x7,6,1,15,22,25,1
9q59x7,6,1,15,22,30,1
9q59x7,6,1,15,22,35,1
9q59x7,6,1,15,22,40,1
9q59x7,6,1,15,22,45,1
9q59x7,6,1,15,22,50,1
9q59x7,6,1,15,22,55,1
9q59x7,6,1,15,23,0,1
9q59x7,6,1,15,23,5,1
9q59x7,6,1,15,23,10,1
9q59x7,6,1,15,23,15,1
9q59x7,6,1,15,23,20,1
9q59x7,6,1,15,23,25,1
9q59x7,6,1,15,23,30,1
9q59x7,6,1,15,23,35,1
9q59x7,6,1,15,23,40,1
9q59x7,6,1,15,23,45,1
9q59x7,6,1,15,23,50,1
9q59x7,6,1,15,23,55,1
9q59xc,2,0,11,21,45,1
9q59xc,2,0,11,21,50,1
9q59xc,2,0,11,22,0,1
9q59xc,2,0,11,23,10,1
9q59xc,2,0,11,23,15,1
9q59xc,2,0,11,23,40,1
9q59xc,2,0,11,23,45,1
9q59xc,3,0,12,21,0,1
9q59xc,3,0,12,21,5,1
9q59xc,3,0,12,21,10,1
9q59xc,3,0,12,21,15,1
9q59xc,3,0,12,21,20,1
9q59xc,3,0,12,21,25,1
9q59xc,3,0,12,21,30,1
9q59xc,3,0,12,21,35,1
9q59xc,3,0,12,21,40,1
9q59xc,3,0,12,21,45,1
9q59xc,3,0,12,21,50,1
9q59xc,3,0,12,21,55,1
9q59xc,3,0,12,22,0,1
9q59xc,3,0,12,22,5,1
9q59xc,3,0,12,22,10,1
9q59xc,3,0,12,22,15,1
9q59xc,3,0,12,22,20,1
9q59xc,3,0,12,22,25,1
9q59xc,3,0,12,22,30,1
9q59xc,3,0,12,22,35,1
9q59xc,3,0,12,22,40,1
9q59xc,3,0,12,22,45,1
9q59xc,3,0,12,22,50,1
9q59xc,3,0,12,22,55,1
9q59xc,3,0,12,23,0,1
9q59xc,3,0,12,23,5,1
9q59xc,3,0,12,23,10,1
9q59xc,3,0,12,23,15,1
9q59xc,3,0,12,23,20,1
9q59xc,3,0,12,23,25,1
9q59xc,3,0,12,23,30,1
9q59xc,3,0,12,23,35,1
9q59xc,3,0,12,23,40,1
9q59xc,3,0,12,23,45,1
9q59xc,3,0,12,23,50,1
9q59xc,3,0,12,23,55,1
9q59xf,2,0,11,21,0,1
9q59xf,2,0,11,21,5,1
9q59xf,2,0,11,21,10,1
9q59xf,2,0,11,21,15,1
9q59xf,2,0,11,21,20,1
9q59xf,2,0,11,21,35,1
9q59xf,2,0,11,21,55,1
9q59xf,2,0,11,22,5,1
9q59xf,2,0,11,22,15,1
9q59xf,2,0,11,23,50,1
9q59xf,2,0,11,23,55,1
9q59xf,3,0,12,21,35,1
9q59xf,3,0,12,21,40,1
9q59xf,3,0,12,21,45,1
9q59xf,3,0,12,21,50,1
9q59xf,3,0,12,21,55,1
9q59xf,3,0,12,22,0,1
9q59xf,3,0,12,22,5,1
9q59xf,3,0,12,22,10,1
9q59xf,3,0,12,22,15,1
9q59xf,3,0,12,22,20,1
9q59xf,3,0,12,22,25,1
9q59xf,3,0,12,22,30,1
9q59xf,3,0,12,22,35,1
9q59xf,3,0,12,22,40,1
9q59xf,3,0,12,22,45,1
9q59xf,3,0,12,22,50,1
9q59xf,3,0,12,22,55,1
9q59xf,3,0,12,23,0,1
9q59xf,3,0,12,23,5,1
9q59xf,3,0,12,23,10,1
9q59xf,3,0,12,23,15,1
9q59xf,3,0,12,23,20,1
9q59xf,3,0,12,23,25,1
9q59xf,3,0,12,23,30,1
9q59xf,3,0,12,23,35,1
9q59xf,3,0,12,23,40,1
9q59xf,3,0,12,23,45,1
9q59xf,3,0,12,23,50,1
9q59xf,3,0,12,23,55,1
9q59xf,5,0,14,21,20,1
9q59xf,5,0,14,21,25,1
9q59xf,5,0,14,21,30,1
9q59xf,5,0,14,21,35,1
9q59xf,5,0,14,23,10,1
9q59xf,5,0,14,23,15,1
9q59xf,5,0,14,23,20,1
9q59xf,5,0,14,23,25,1
9q59xf,5,0,14,23,45,1
9q59xf,5,0,14,23,50,1
9q59xf,5,0,14,23,55,1
